regdate,first_name,last_name,email_address,homephone,street,city,state,zipcode
11/12/08 13:23,sarah,hankins,pinalevitsky@jumpstartlab.com,4145205000,2022 15th street nw,washington,dc,20009
11/12/08 13:30,sarah,xx,lqrm4462@jumpstartlab.com,9419792000,4175 3rd street north,saint petersburg,fl,33703
12/3/08 21:43,sarah,cordova,tmai.202@jumpstartlab.com,4109639000,5430 hesperus drive,columbia,md,21044
12/8/08 21:09,sarah,irvine,wwoodruf@jumpstartlab.com,7704249000,6184 windflower drive,powder springs,ga,30127
12/9/08 9:47,sarah,hough,gi@jumpstartlab.com,0000000000,42c powder mill drive,stratford,ct,06614
12/11/08 16:55,sarah,geretz,ovdawaaa@jumpstartlab.com,8572311000,72 triangle st. appt. 2,amherst,ma,01002
12/15/08 17:45,sarah,sample,nqiza@jumpstartlab.com,5107086000,270 rishell drive,oakland,ca,94619
12/16/08 13:16,sarah,gerow,xnb77@jumpstartlab.com,8137359000,2501 black horse loop apt 301c,lutz,fl,33559
12/16/08 13:44,sarah,eden,cetephenson@jumpstartlab.com,8136798000,2501 black horse loop apt 301c,lutz,fl,33559
12/18/08 17:43,sarah,riordan,ctuhspugha@jumpstartlab.com,7202058000,2814 tennyson st.,denver,co,80212
12/19/08 5:31,sarah,gordon,cxcahdprice@jumpstartlab.com,4197373000,18476 county road 15,pioneer,oh,43554
12/19/08 14:33,sarah,johnston,gylaki@jumpstartlab.com,4157863000,221 pine st,san francisco,ca,94104
12/19/08 14:39,sarah,oddie,blhhhhhhhh@jumpstartlab.com,4157863000,221 pine st,san francisco,ca,94101
12/19/08 15:56,sarah,catlin,tlacyjamesrossi3@jumpstartlab.com,5029386000,114 n galt ave,louisville,ky,40206
12/30/08 11:28,sarah,clatterbuck,dhchleith@jumpstartlab.com,8025401000,37 d conger ave,burlington,vt,05401
1/5/09 18:23,sarah,dernoga,gkpaldin@jumpstartlab.com,0000000000,7473 easy street,whitehall,mi,49461
1/10/09 12:44,sarah,ojeh,bfkelly@jumpstartlab.com,4104743000,8000 boteler lane appt 248a,college park,md,20742
1/10/09 17:38,sarah,sparrow,jw9@jumpstartlab.com,9084187000,none,hamilton,ny,13346
1/19/09 17:32,sarah,deutschmann,pooneil@jumpstartlab.com,6032752000,229 main st.,"keene, nh",nh,03435
1/19/09 17:39,sarah,alilionis,jhagamininj4@jumpstartlab.com,0000000000,21 coolidge street,keene,nh,03431
1/20/09 20:55,sarah,meyer,ohhalaf@jumpstartlab.com,0000000000,4000 central florida blvd,orlando,fl,32816
1/20/09 21:12,sarah,doe,dnary.franko@jumpstartlab.com,0000000000,12846 lexington summit st,orlando,fl,32828
1/20/09 21:53,sarah,beck,fsong_moua@jumpstartlab.com,5624724000,4174 manor dr.,lakewood,ca,92122
1/20/09 22:13,sarah,miner,kjlie.garrett@jumpstartlab.com,6465849000,505 ramapo valley rd,mahwah,nj,07430
1/20/09 22:14,sarah,krumholz,wrokaranm@jumpstartlab.com,7244935000,241 maltby ave apt: a,slippery rock,pa,16057
1/21/09 10:09,sarah,ogle,jkvan7@jumpstartlab.com,0000000000,31b bellevue st.,willimantic,ct,06226
1/21/09 15:46,sarah,hagan,pxazierm3090@jumpstartlab.com,0000000000,69 brown street,providence,ri,02912
1/21/09 16:26,sarah,doe,vo_tigner@jumpstartlab.com,9084186000,28 westhampton way,university of richmond,va,23173
1/21/09 16:41,sarah,goblirsch,upeller@jumpstartlab.com,0000000000,1001 e. university ave.,georgetown,tx,78626
1/21/09 19:08,sarah,pickoff,jfacicot@jumpstartlab.com,9175664000,701 warren wilson road,swannanoa,nc,28778
1/21/09 20:08,sarah,brunton,vkrolyn@jumpstartlab.com,8028396000,10 clarkson ave.,potsdam,ny,05669
1/21/09 20:22,sarah,xx,yqlaire@jumpstartlab.com,6073512000,b,b,ms,14850
1/21/09 21:30,sarah,haber,jllement@jumpstartlab.com,0000000000,x,x,mi,48208
1/21/09 21:53,sarah,poffenbarger,sschott@jumpstartlab.com,4195289000,40 rowland ave.,delaware,oh,43015
1/21/09 22:01,sarah,hairabedian,ipssica.roberts@jumpstartlab.com,8102523000,111 no road,mount pleasant,mi,48858
1/21/09 22:05,sarah,uhl,fxily.tsitrian@jumpstartlab.com,8102523000,111 no road,mount pleasant,mi,48858
1/21/09 22:18,sarah,rosenblad,ecngy@jumpstartlab.com,5414080000,22415 calgary drive,bend,or,97702
1/21/09 22:30,sarah,leonard,xgura.yin@jumpstartlab.com,6312758000,32 south union st,burlington,vt,05401
1/21/09 22:44,sarah,sankey,uxragoag@jumpstartlab.com,0000000000,12345 frist center,princeton,nj,08544
1/21/09 22:51,sarah,du,wtslaug06@jumpstartlab.com,5613589000,1g14h jameson hall,ithaca,ny,14853
1/21/09 22:56,sarah,lichtenauer,goddagjm@jumpstartlab.com,3044122000,5037 west pea ridge rd,huntington,wv,25705
1/21/09 23:38,sarah,roffe,jsjenkin@jumpstartlab.com,0000000000,0615 sw palatine hill rd,portland,or,97219
1/21/09 23:46,sarah,null,rcverburg@jumpstartlab.com,0000000000,ms 2361 4501 n. charles st,baltimore,md,21210
1/22/09 0:47,sarah,morgan,qgrls1es@jumpstartlab.com,3015803000,none,none,none,00000
1/28/09 15:37,sarah,abreu,hrf001@jumpstartlab.com,2673422000,53 shoemaker drive,fountainville,pa,18923
1/29/09 15:36,sarah,markus,fuo@jumpstartlab.com,8459887000,302 n. craig st,pittsburgh,pa,15213
1/30/09 0:47,sarah,gaber,nhmichae@jumpstartlab.com,9856308000,1645 brightside ln. apt #217,baton rouge,la,70820
1/30/09 12:31,sarah,bayer,jfshaw@jumpstartlab.com,3028587000,1501 lakeside dr,lynchburg,va,24501
1/30/09 14:43,sarah,waldman,cychelleighguillory@jumpstartlab.com,3016131000,x,x,md,21216
1/30/09 15:20,sarah,hall,quarmas2@jumpstartlab.com,8603958000,4400 university drive,fairfax,va,22030
1/30/09 15:30,sarah,schroder,il114706@jumpstartlab.com,0000000000,15437 beachview drive,montclair,va,22025
1/30/09 16:22,sarah,shaikh,idavis2@jumpstartlab.com,8655851000,etsu box 16272,johnson city,tn,37614
1/30/09 16:51,sarah,wroblewski,stwoods@jumpstartlab.com,5615041000,101 lakeview avenue,scarsdale,ny,10583
1/30/09 17:58,sarah,elles,gvwacoordinator@jumpstartlab.com,5712411000,null,null,va,24060
1/30/09 18:39,sarah,liebst,ebtiburcio@jumpstartlab.com,0000000000,415 south st,waltham,ma,02454
1/30/09 20:56,sarah,parulekar,ofods@jumpstartlab.com,5037525000,13939 beech ct,portland,or,97230
1/30/09 22:47,sarah,last name,ldhnt@jumpstartlab.com,2483101000,sweet briar,sweet briar,va,24595
1/31/09 15:23,sarah,belcher,bapooooooooooooohhhh@jumpstartlab.com,0000000000,4576 middlebury college,middlebury,vt,05753
1/31/09 17:02,sarah,budd,kierl@jumpstartlab.com,7183054000,6052 mayflower hill,waterville,me,04902
1/31/09 18:28,sarah,williams,dvjaff07@jumpstartlab.com,4436324000,14021 woodlings lane,reisterstown,md,21136
1/31/09 18:34,sarah,brisbois,wqlee0808@jumpstartlab.com,4436324000,3043 frisby st.,baltimore,md,21218
1/31/09 19:45,sarah,alderson,oe3887a@jumpstartlab.com,7194390000,2604 maurice ave.,missoula,mt,59801
1/31/09 21:17,sarah,renner-yeomans,sseldcf@jumpstartlab.com,8478044000,holy cross college 1 college street,worcester,ma,01610
1/31/09 22:36,sarah,robinson,alng30y@jumpstartlab.com,0000000000,700 highland ave apt 114,pittsburgh,pa,15208
1/31/09 23:00,sarah,beck,pmleindi@jumpstartlab.com,13045426000,2802 south staunton rd,huntington,wv,25702
1/31/09 23:50,sarah,brown,emullensg@jumpstartlab.com,9148442000,1600 grand ave,st. paul,mn,55105
2/1/09 7:35,sarah,gladwin,tmlion@jumpstartlab.com,7034386000,11100 wildlife center dr,reston,va,20190
2/1/09 7:59,sarah,carter,kgete20c@jumpstartlab.com,0000000000,11100 wildlife center dr,reston,va,20190
2/1/09 10:40,sarah,larson,ivath90b@jumpstartlab.com,9522501000,box 0546 gettysburg college,gettysburg,pa,17325
2/1/09 15:07,sarah,ruud,lprissa.s.knodel@jumpstartlab.com,6067480000,300 n. broadway,lexington,ky,40508
2/1/09 20:34,sarah,guethle,sdtie.knee@jumpstartlab.com,5186979000,950 main st. box 1635,worcester,ma,01610
2/1/09 21:28,sarah,wilburn,dqessearp@jumpstartlab.com,6129785000,1703 lincoln st,minneapolis,mn,55413
2/1/09 21:36,sarah,b,ot1898a@jumpstartlab.com,2074854000,121 rooney lane,whitefield,me,04353
2/1/09 22:44,sarah,hendler,hqiley@jumpstartlab.com,0000000000,11395 e. 46 rd.,cadillac,mi,49601
2/1/09 23:17,sarah,waickman,pvssino_a@jumpstartlab.com,0000000000,1538 chestnut street,bowling green,ky,42101
2/1/09 23:24,sarah,herring,ofairbushmancolby@jumpstartlab.com,6463399000,"nason 205, 1999 burdett ave.",troy,ny,12180
2/1/09 23:33,sarah,gosse,bsore@jumpstartlab.com,3042795000,7600 flower ave.,takoma park,md,20912
2/2/09 0:00,sarah,arnold,yu319306@jumpstartlab.com,4436049000,ocmr 1984,oberlin,oh,44074
